Zip Code,Death Rate
94501,1.49
94502,0
94536,0
94538,1.57
94539,0
94541,3.53
94542,0
94544,1.65
94545,0
94546,2.13
94550,1.63
94551,2.11
94552,0
94555,0
94560,6.09
94566,1.68
94568,0
94577,0
94578,2.13
94579,0
94580,6.17
94586,0
94587,1.45
94588,0
94601,1.37
94602,3.62
94603,0
94605,2.2
94606,0
94607,0
94608,0
94609,3.95
94610,0
94611,3.96
94612,6.94
94613,0
94618,5.44
94619,3.46
94621,0
94702,4.29
94703,3.39
94704,0
94705,0
94706,13.07
94707,0
94709,0
94710,0
94720,0
95377,6.01
95391,0
44,0
96120,0
95629,0
95640,0
95642,0
95665,60.76
95666,8.65
95669,0
95685,0
95689,0
95914,0
95916,0
95917,0
95926,0.92
95928,8.59
95938,0
95941,0
95942,0
95948,0
95954,0
95965,6.61
95966,11.28
95968,0
95969,15.24
95973,5.34
95222,0
95223,0
95228,0
95232,0
95245,0
95246,0
95247,16.21
95249,18.78
95251,195.54
95252,24
95255,0
95257,0
95423,44.24
95912,0
95932,0
95955,0
95970,0
95979,0
95987,0
94505,0
94506,0
94507,0
94509,5.97
94513,1.96
94514,0
94517,0
94518,0
94519,12.22
94520,3.09
94521,0
94523,3.66
94525,0
94526,6.85
94528,0
94530,0
94531,6.75
94547,0
94548,0
94549,0
94553,5.92
94556,0
94561,4.85
94563,0
94564,7.17
94565,2.07
94569,0
94572,10.33
94582,0
94583,0
94595,0
94596,0
94597,6.01
94598,0
94708,0
94801,11.02
94803,9.6
94804,4.85
94805,0
94806,0
49,0
95531,6.46
95543,0
95548,0
95567,0
51,0
52,0
95614,0
95619,0
95623,0
95633,0
95634,0
95635,0
95636,0
95651,0
95664,0
95667,5.1
95672,0
95682,0
95684,0
95709,36.43
95720,0
95721,0
95726,0
95735,0
95762,9.85
96150,4.23
17,0
93210,7.65
93234,0
93242,0
93602,0
93608,0
93609,0
93611,4.59
93612,9.46
93616,0
93619,3.84
93621,0
93622,0
93625,14.03
93627,0
93628,0
93630,0
93633,0
93640,0
93641,0
93648,0
93650,0
93651,0
93652,0
93654,0
93656,0
93657,5.66
93660,0
93662,8.25
93664,0
93667,0
93668,0
93675,45.8
93701,20.72
93702,2.72
93703,11.56
93704,5.22
93705,13.61
93706,0
93710,26.18
93711,16.07
93720,12.17
93721,0
93722,6.98
93723,10.67
93725,4.43
93726,6.34
93727,14.23
93728,17.6
93730,10.56
93741,0
95043,0
47,0
95920,0
95939,0
95943,0
95951,0
95963,0
95988,17.18
50,0
54,0
95501,27.4
95503,4.65
95511,0
95514,0
95519,16.4
95521,13.76
95524,0
95525,0
95526,0
95528,0
95536,0
95540,31.5
95542,43.19
95546,0
95547,0
95549,0
95550,0
95551,0
95554,0
95555,0
95556,0
95558,0
95560,0
95562,0
95563,0
95564,0
95565,0
95569,0
95570,41.45
95573,0
95589,0
92227,0
92231,0
92233,0
92243,1.96
92249,0
92250,0
92251,0
92257,0
92259,0
92274,0
92281,0
92283,0
92328,0
92384,0
92389,0
93513,0
93526,0
93545,0
16,0
93203,0
93205,0
93206,0
93215,1.98
93224,0
93225,0
93226,0
93238,0
93240,8.22
93241,0
93243,0
93249,0
93250,11.19
93251,0
93252,0
93255,0
93263,0
93268,0
93276,0
93280,0
93283,0
93285,0
93287,0
93301,0
93304,2.15
93305,2.13
93306,7.39
93307,1.53
93308,5.2
93309,0
93311,0
93312,4.23
93313,0
93314,0
93461,0
93501,0
93505,0
93516,0
93518,0
93519,0
93523,0
93524,0
93527,0
93528,0
93531,0
93536,3.72
93554,0
93560,0
93561,5.66
93202,0
93204,4.67
93212,3.58
93230,4.14
93239,0
93245,3.4
93266,0
93451,0
48,0
95422,55.07
95423,44.24
95443,0
95451,12.29
95453,0
95457,29.32
95458,43.47
95461,0
95464,0
95467,0
95485,26.58
95493,0
12,0
19,0
96056,0
96109,38.57
96113,0
96117,0
96119,0
96121,118.18
96123,0
96128,0
96130,26.23
96132,0
96136,0
90001,2.23
90002,0
90003,4.07
90004,0
90005,2.64
90006,0
90007,0
90008,0
90010,0
90011,0
90012,3.46
90013,10.28
90014,0
90015,0
90016,3.72
90017,2.93
90018,0
90019,1.54
90020,0
90021,12.92
90022,3.4
90023,5.66
90024,0
90025,2.84
90026,0
90027,1.2
90028,1.53
90029,2
90031,2.59
90032,2.44
90033,4.64
90034,0
90035,2.17
90036,1.25
90037,1.73
90038,2.38
90039,0
90040,0
90041,0
90042,1.23
90043,2.55
90044,1.11
90045,3
90046,0
90047,0
90048,4.93
90049,0
90056,0
90057,0
90058,0
90059,6.39
90061,0
90062,6.38
90063,2.24
90064,0
90065,0
90066,0
90067,0
90068,4.9
90069,0
90071,0
90073,0
90077,0
90089,0
90094,0
90095,0
90201,0
90210,0
90211,0
90212,0
90220,2.49
90221,0
90222,0
90230,3.71
90232,5.64
90240,0
90241,0
90242,2.65
90245,4.52
90247,0
90248,0
90249,0
90250,2.26
90254,0
90255,0
90260,0
90262,0
90263,0
90265,0
90266,5.36
90270,0
90272,0
90274,0
90275,0
90277,4.42
90278,10.6
90280,0
90290,0
90291,0
90292,0
90293,0
90301,0
90302,0
90303,0
90304,2.7
90305,4.92
90401,0
90402,0
90403,0
90404,0
90405,0
90501,2.03
90502,0
90503,5.53
90504,0
90505,0
90506,0
90601,6.27
90602,0
90603,3.69
90604,0
90605,0
90606,0
90623,0
90630,1.54
90631,4.04
90638,0
90639,0
90640,1.94
90650,1.12
90660,3.24
90670,7.9
90701,0
90703,0
90704,0
90706,0
90710,0
90712,0
90713,3.72
90715,0
90716,0
90717,13.46
90723,0
90731,1.85
90732,10.01
90744,4.89
90745,0
90746,3.34
90747,0
90755,8.49
90802,0
90803,7.62
90804,4.57
90805,1.25
90806,2.51
90807,0
90808,0
90810,0
90813,2.02
90814,0
90815,3.25
90822,0
90840,0
91001,0
91006,0
91007,0
91008,0
91010,4.55
91011,0
91016,4.84
91020,0
91024,0
91030,0
91040,0
91042,3.59
91101,0
91103,7.53
91104,2.82
91105,0
91106,0
91107,0
91108,0
91123,0
91201,0
91202,0
91203,0
91204,0
91205,0
91206,0
91207,0
91208,6.72
91214,0
91301,5.9
91302,0
91303,3.53
91304,3.58
91306,1.83
91307,0
91311,1.72
91316,0
91321,0
91324,4.27
91325,0
91326,0
91330,0
91331,2.92
91335,0
91340,0
91342,1.06
91343,0
91344,4.52
91345,0
91350,4.64
91351,2.96
91352,3.54
91354,0
91355,3.11
91356,0
91361,15.91
91362,1.78
91364,0
91367,5.85
91371,0
91381,0
91384,0
91387,2.38
91390,0
91401,2.59
91402,0
91403,10.81
91405,1.89
91406,1.9
91411,3.91
91423,0
91436,0
91501,0
91502,0
91504,0
91505,0
91506,0
91521,0
91522,0
91523,0
91601,0
91602,0
91604,0
91605,0
91606,3.9
91607,0
91608,0
91702,1.07
91706,1.37
91709,0
91710,3.46
91711,2.69
91722,2.49
91723,5.11
91724,0
91731,0
91732,4.96
91733,0
91740,4.18
91741,0
91744,1.2
91745,0
91746,3.59
91748,0
91750,5.78
91754,7.8
91755,4.46
91765,0
91766,1.36
91767,0
91768,2.98
91770,0
91773,0
91775,0
91776,0
91780,0
91786,3.79
91789,0
91790,0
91791,2.97
91792,0
91801,0
91803,0
93063,14.36
93243,0
93510,0
93532,0
93534,6.05
93535,2.93
93536,3.72
93543,0
93544,0
93550,4.72
93551,3.55
93552,0
93553,0
93560,0
93563,0
93591,0
20,0
93601,0
93604,0
93610,8.8
93614,19.51
93626,0
93636,0
93637,12.58
93638,2.57
93643,23.49
93644,0
93645,0
93669,0
94901,9.84
94903,9.73
94904,7.14
94920,0
94924,0
94925,0
94929,0
94930,5.44
94933,0
94937,117.38
94938,0
94939,8.7
94940,0
94941,10.11
94945,12.52
94946,0
94947,6.17
94949,3.93
94952,10.63
94956,0
94960,14.24
94963,221.22
94964,0
94965,0
94970,0
94971,0
94973,0
58,0
93623,0
93653,0
95306,60.11
95311,26.58
95318,0
95325,0
95338,0
95345,0
95389,0
22,0
95410,0
95415,0
95417,0
95420,0
95427,0
95428,0
95429,0
95432,0
95437,19.94
95445,0
95449,39.39
95454,66.48
95456,0
95459,0
95460,67.4
95466,0
95468,0
95469,0
95470,0
95482,0
95488,0
95490,16.41
95494,0
95585,0
95587,0
93620,0
93635,3
95301,2.65
95303,0
95315,9.48
95317,0
95322,11.84
95324,0
95333,0
95334,0
95340,15.52
95341,4.17
95348,0
95365,0
95369,0
95374,0
95388,0
96006,0
96015,0
96054,0
96101,14.45
96104,0
96108,0
96112,0
96115,0
96116,0
93512,0
93514,0
93517,0
93529,0
93541,0
93546,0
96107,0
96133,0
93426,0
93450,0
93451,0
93901,0
93905,0
93906,3.83
93907,0
93908,0
93920,0
93923,0
93924,0
93925,0
93926,0
93927,0
93930,12.26
93932,0
93933,9.62
93940,3.68
93943,0
93944,0
93950,0
93953,11.19
93955,2.24
93960,0
95012,7.16
95039,127.72
94503,0
94508,0
94515,15.97
94558,3.35
94559,3.28
94567,0
94574,0
94576,0
94599,0
95728,0
95945,8.17
95946,0
95949,9.06
95959,3.7
95975,0
96111,0
96161,0
96162,0
90620,2.23
90621,11.31
90623,0
90630,1.54
90631,4.04
90638,0
90680,3.37
90720,6.27
90740,0
90742,0
90743,0
92530,1.92
92602,0
92603,0
92604,5.01
92606,3.86
92610,10.77
92612,3.43
92614,6.31
92617,0
92618,0
92620,9.04
92624,15.29
92625,0
92626,3.33
92627,12.06
92629,27.42
92630,7.48
92637,5.02
92646,8.61
92647,1.55
92648,5.65
92649,3.09
92651,15.71
92653,3.7
92655,35.82
92656,4.51
92657,0
92660,9.45
92661,0
92662,0
92663,10.08
92672,14.19
92673,30.5
92675,21.74
92676,62.42
92677,23.31
92679,8.76
92683,3.94
92688,9.19
92691,13.72
92692,14.74
92694,0
92697,0
92701,10.38
92703,6.38
92704,1.25
92705,4.69
92706,3.02
92707,4.12
92708,4.86
92780,13.06
92782,3.88
92801,13.1
92802,2.61
92804,10.66
92805,7.68
92806,5.68
92807,0
92808,3.68
92821,2.03
92823,0
92831,0
92832,12.07
92833,5.96
92835,3.11
92840,7.91
92841,5.9
92843,0
92844,10.83
92845,9.22
92861,11.18
92862,0
92865,9.89
92866,6.14
92867,0
92868,4.15
92869,2.48
92870,3.94
92886,6.18
92887,9.3
95602,0
95603,5.85
95631,8.06
95648,2.78
95650,0
95658,0
95661,2.78
95663,0
95677,2.82
95678,4.37
95681,0
95701,0
95703,0
95713,0
95714,0
95715,0
95717,0
95722,0
95724,0
95746,0
95747,2.13
95765,3.6
96140,0
96141,0
96142,0
96143,0
96145,0
96146,0
96148,0
28,0
31,0
95915,0
95923,0
95934,0
95947,114.63
95956,0
95971,12.18
95981,0
95983,0
95984,0
96020,65.33
96103,0
96105,273.25
96106,0
96114,0
96122,36.62
96129,403.31
96135,0
96137,36.58
91752,0
92201,1.37
92203,0
92210,0
92211,12.17
92220,3.33
92223,4.97
92225,3.71
92230,0
92234,8.09
92236,0
92239,0
92240,8.37
92241,11.44
92253,4.45
92254,0
92260,0
92262,16.25
92264,0
92270,0
92276,0
92282,0
92320,24.04
92373,2.37
92501,0
92503,1.13
92504,1.95
92505,1.67
92506,0
92507,4.68
92508,0
92509,1.72
92518,0
92521,0
92530,1.92
92532,0
92536,0
92539,0
92543,11.23
92544,1.86
92545,5.46
92548,0
92549,0
92551,7.1
92553,5.58
92555,4.56
92557,3.88
92561,0
92562,1.34
92563,4.06
92567,13.88
92570,4.33
92571,0
92582,7.16
92583,9.71
92584,2.28
92585,0
92586,12.41
92587,0
92590,0
92591,2.49
92592,1.65
92595,0
92596,4.52
92675,21.74
92860,0
92879,0
92880,0
92881,4.64
92882,3.07
92883,4.54
94561,4.85
94571,0
95608,13.86
95610,9.36
95615,0
95621,11.53
95624,0
95626,16.66
95628,1.28
95630,3.42
95632,0
95638,32.07
95641,44.52
95652,0
95655,0
95660,12.24
95662,3.56
95670,5.05
95673,7.49
95683,0
95690,0
95693,8.52
95742,0
95757,0
95758,5.33
95811,9.81
95814,0
95815,18.15
95816,9.65
95817,7.09
95818,0
95819,12.93
95820,3.5
95821,0
95822,3.32
95823,5.96
95824,0
95825,2.75
95826,0
95827,7.84
95828,0
95829,4.88
95830,0
95831,1.77
95832,0
95833,1.96
95834,0
95835,0
95836,0
95837,0
95838,8.07
95841,3.69
95842,6.68
95843,2.32
95864,0
95004,50.06
95023,6.13
95043,0
95045,0
91701,3.4
91708,0
91709,0
91710,3.46
91730,1.52
91737,5.59
91739,0
91759,0
91761,1.47
91762,1.5
91763,2.99
91764,0
91766,1.36
91784,0
91786,3.79
92242,0
92252,6.2
92256,0
92267,0
92277,0
92278,0
92280,0
92284,4.23
92285,15.39
92301,3.79
92304,0
92305,0
92307,3.99
92308,4.49
92309,0
92310,0
92311,0
92313,0
92314,13.77
92315,0
92316,0
92317,0
92321,0
92322,0
92324,1.76
92325,9.27
92327,0
92332,0
92335,1.25
92336,0
92337,0
92338,0
92339,0
92342,14.25
92344,0
92345,2.35
92346,1.89
92347,45.71
92350,0
92352,0
92354,0
92356,0
92358,0
92359,0
92363,0
92364,0
92365,0
92368,0
92371,4.22
92372,0
92374,2.59
92376,1.35
92377,0
92382,23.25
92385,0
92392,4.24
92394,3.6
92395,4.49
92397,0
92399,6.29
92401,0
92404,1.8
92405,3.48
92407,5.86
92408,0
92410,5.19
92411,0
93555,2.15
93562,0
91901,7.02
91902,0
91905,0
91906,0
91910,0
91911,4.86
91913,0
91914,0
91915,0
91916,0
91917,0
91932,6.62
91934,0
91935,0
91941,2.05
91942,5.29
91945,6.49
91950,3.93
91962,0
91963,0
91977,5.11
91978,0
91980,0
92003,19.28
92004,0
92007,0
92008,3.03
92009,3.77
92010,12.55
92011,6.3
92014,0
92019,1.6
92020,6.73
92021,16.62
92024,11.45
92025,0
92026,17.62
92027,1.77
92028,5.27
92029,5.65
92036,0
92037,2.73
92040,16.29
92054,16.37
92055,5.2
92056,2.92
92057,3.9
92058,3.87
92059,0
92061,0
92064,4.49
92065,3.45
92066,0
92067,0
92069,12.74
92070,0
92071,10.35
92075,0
92078,10.07
92081,7.37
92082,3.67
92083,4.77
92084,8.02
92086,0
92091,0
92096,0
92101,29.84
92102,7.78
92103,2.04
92104,8.52
92105,4.57
92106,0
92107,9.33
92108,7.53
92109,2.18
92110,14.85
92111,4.66
92113,2.5
92114,3.23
92115,13.56
92116,11.29
92117,9.66
92118,5.07
92119,11.29
92120,12.56
92121,0
92122,8.13
92123,3.46
92124,4.05
92126,2.81
92127,6.54
92128,2.35
92129,5.21
92130,4.41
92131,2.79
92134,0
92135,0
92136,0
92139,6.77
92140,0
92145,0
92152,0
92154,0.96
92155,0
92173,0
92182,0
92672,14.19
94102,48.33
94103,43.36
94104,117.67
94105,0
94107,4.07
94108,0
94109,11.48
94110,15.46
94111,44.03
94112,4.48
94114,11.78
94115,3.7
94116,1.83
94117,7.32
94118,2.98
94121,3.7
94122,2.85
94123,18
94124,21.08
94127,8.27
94129,0
94130,25.28
94131,5.16
94132,5.03
94133,7.54
94134,9.85
94158,0
95202,53.66
95203,6.35
95204,17.52
95205,12.41
95206,6.61
95207,6.77
95209,4.26
95210,4.7
95211,0
95212,0
95215,35.97
95219,11.12
95220,0
95231,0
95236,0
95237,0
95240,12.47
95242,16.17
95258,0
95304,10.69
95320,15.69
95330,0
95336,11.07
95337,5.81
95366,0
95376,11.53
95377,6.01
95391,0
93251,0
93401,4.18
93402,0
93405,3.44
93407,0
93420,12.7
93422,12.58
93428,0
93430,0
93432,0
93433,18.29
93442,0
93444,10.32
93445,16.32
93446,2.63
93449,0
93452,0
93453,0
93461,0
93465,16.38
94002,3.37
94005,20.92
94010,1.92
94014,3.36
94015,0
94019,0
94020,0
94021,0
94025,3.66
94027,0
94028,0
94030,3.02
94038,0
94044,0
94060,0
94061,0
94062,2.96
94063,0
94065,23.24
94066,2.18
94070,2.95
94074,0
94080,3.56
94128,0
94303,0
94401,0
94402,0
94403,0
94404,0
32,0
57,0
61,0
93013,0
93067,0
93101,0
93103,0
93105,0
93106,0
93108,0
93109,0
93110,4.07
93111,6.14
93117,0
93252,0
93254,0
93427,0
93429,0
93434,0
93436,0
93437,0
93441,0
93454,6.56
93455,0
93458,3.38
93460,32.92
93463,0
93635,3
94022,0
94024,0
94035,0
94040,0
94041,0
94043,2.21
94085,0
94086,1.19
94087,0
94089,5.25
94301,4.36
94304,0
94305,0
94306,3.11
95002,0
95008,3.56
95013,0
95014,0
95020,1.64
95030,0
95032,0
95033,5.35
95035,5.39
95037,1.72
95046,0
95050,5.66
95051,0
95053,0
95054,0
95070,4.17
95110,5.61
95111,3.95
95112,2.82
95113,0
95116,4.4
95117,0
95118,3.13
95119,0
95120,0
95121,6.69
95122,4.31
95123,1.38
95124,5.26
95125,1.62
95126,7.61
95127,1.49
95128,3.55
95129,0
95130,0
95131,0
95132,0
95133,0
95134,0
95135,0
95136,2.2
95138,0
95139,0
95140,0
95141,0
95148,0
95192,0
95003,1.86
95005,0
95006,25.53
95010,13.4
95017,0
95018,7.68
95019,0
95060,13.93
95062,11.5
95064,0
95065,12.12
95066,0
95073,0
95076,0
96001,10.7
96002,11.02
96003,21
96007,5.44
96008,0
96013,0
96016,0
96019,10.96
96028,0
96033,0
96040,0
96047,42.17
96051,0
96062,0
96065,0
96069,0
96071,0
96073,0
96076,0
96087,0
96088,0
96096,0
33,0
65,0
95910,0
95922,0
95936,0
95944,0
95960,0
96118,91.08
96124,0
96125,0
96126,0
34,0
35,0
49,0
95568,0
96014,0
96023,0
96025,75.48
96027,71.05
96031,0
96032,0
96034,0
96038,0
96039,0
96044,0
96050,0
96057,0
96058,0
96064,43.34
96067,19.67
96085,0
96086,0
96094,11.53
96097,10.42
96134,0
94510,4.29
94512,0
94533,3.26
94534,8.94
94535,0
94571,0
94585,4.41
94589,2.29
94590,5.56
94591,0
94592,0
95616,4.06
95618,11.03
95620,10.56
95687,3.45
95688,8.84
95690,0
95694,0
94922,0
94923,0
94928,6.81
94931,0
94951,22.48
94954,10.03
94972,0
95401,7.04
95403,14.17
95404,13.41
95405,25.23
95407,12.89
95409,0
95412,0
95421,0
95425,23.3
95436,22.37
95439,0
95441,0
95442,0
95444,0
95446,0
95448,0
95450,0
95452,0
95462,0
95465,0
95472,10.83
95476,3.83
95480,0
95492,7.2
95497,0
95230,0
95307,0
95313,0
95316,0
95323,0
95326,0
95350,2.19
95351,18.46
95354,0
95355,0
95356,2.75
95357,0
95358,2.7
95360,0
95361,0
95363,4.1
95367,5.15
95368,7.54
95380,3.43
95382,3.47
95385,0
95386,0
95659,0
95668,0
95674,0
95953,20.41
95957,0
95982,0
95991,8.61
95993,5.8
37,0
38,0
95428,0
96021,0
96022,4.82
96035,0
96055,0
96059,0
96063,0
96075,0
96080,0
39,0
55,0
95527,0
95552,0
95595,0
96010,0
96014,0
96024,0
96031,0
96041,0
96046,0
96048,0
96052,0
96076,0
96091,0
96093,0
26,0
93207,0
93215,1.98
93219,0
93221,0
93223,8.52
93235,0
93244,0
93247,0
93256,0
93257,1.86
93260,0
93262,0
93265,0
93267,0
93270,0
93271,0
93272,0
93274,3.34
93277,2.14
93286,0
93291,4.75
93292,2.26
93603,0
93615,0
93618,3.92
93631,0
93646,0
93647,0
40,0
95309,0
95310,59.6
95321,0
95327,27.54
95329,0
95335,0
95346,0
95364,0
95370,25.27
95372,0
95379,28.78
95383,0
18,0
57,0
61,0
90265,0
91301,5.9
91304,3.58
91307,0
91311,1.72
91320,8.34
91360,8.97
91361,15.91
91362,1.78
91377,0
93001,19.91
93003,4.65
93004,9.65
93010,12.99
93012,9.26
93013,0
93015,0
93021,0
93022,0
93023,7.57
93030,6.5
93033,4.16
93035,3.95
93036,7.77
93041,15.08
93042,0
93043,0
93060,2.87
93063,14.36
93065,3.76
93066,0
93225,0
93243,0
93252,0
95605,21.55
95606,0
95607,0
95612,0
95616,4.06
95618,11.03
95620,10.56
95627,0
95637,0
95645,0
95653,0
95679,0
95691,0
95694,0
95695,0
95698,0
95776,0
95937,0
29,0
95692,0
95901,0
95903,0
95918,0
95919,0
95925,0
95935,0
95961,0
95962,0
95972,0
95977,0