Zip Code,City,Pills,Tax Returns,AGI thousands,Population,Death Rate
94550,LIVERMORE,52022690,21341,2066480,46896,1.63
90242,DOWNEY,21791650,17767,726095,43497,2.65
92010,CARLSBAD,10548200,6737,495599,14382,12.55
95350,MODESTO,6547370,20938,891634,51046,2.19
95825,SACRAMENTO,6087880,13817,591794,31084,2.75
95926,CHICO,5944440,13839,620908,37725,0.92
95661,ROSEVILLE,5261460,13848,1050733,29791,2.78
95823,SACRAMENTO,5053810,28636,916081,73985,5.96
96001,REDDING,5023560,13168,726119,33865,10.7
93534,LANCASTER,4847680,14494,524824,39341,6.05
95991,YUBA CITY,4621400,15010,617743,40593,8.61
93277,VISALIA,4593910,19749,981517,50607,2.14
95966,OROVILLE,4537740,10608,442017,30643,11.28
95210,STOCKTON,4371250,14439,446869,39009,4.7
93257,PORTERVILLE,4290130,25213,917804,75004,1.86
95603,AUBURN,4190440,11779,733160,27844,5.85
92021,EL CAJON,4166740,27636,1245759,65068,16.62
92307,APPLE VALLEY,4091210,15179,734985,37630,3.99
95370,SONORA,3907560,11079,559316,26803,25.27
93720,FRESNO,3795260,19913,1443051,45191,12.17
95351,MODESTO,3788920,15842,445908,46458,18.46
92345,HESPERIA,3774260,27825,1020245,78715,2.35
93454,SANTA MARIA,3766630,14711,616562,36448,6.56
93003,VENTURA,3765418,23090,1451349,50474,4.65
95630,FOLSOM,3726540,28622,2462372,72180,3.42
95240,LODI,3698940,17110,731133,47172,12.47
96002,REDDING,3695690,13047,579246,33298,11.02
92324,COLTON,3673930,22721,811581,56505,1.76
95667,PLACERVILLE,3612340,15501,889238,36726,5.1
94538,FREMONT,3610145,27739,1786401,61148,1.57
93726,FRESNO,3581150,15162,457983,40705,6.34
94587,UNION CITY,3547370,31225,2000197,69516,1.45
92404,SAN BERNARDINO,3533210,21586,713513,58271,1.8
92553,MORENO VALLEY,3509720,26525,836418,73722,5.58
95422,CLEARLAKE,3453660,4353,124682,15585,55.07
93230,HANFORD,3404350,23758,1128525,65264,4.14
95945,GRASS VALLEY,3356880,10871,515328,25199,8.17
95969,PARADISE,3349940,10859,501106,27549,15.24
94531,ANTIOCH,3334010,17137,1063586,40290,6.75
91786,UPLAND,3314220,21900,971703,51165,3.79
91786,UPLAND,3314220,21900,971703,51165,3.79
92262,PALM SPRINGS,3280060,11685,558155,26179,16.25
93308,BAKERFIELD,3264940,19324,956745,52447,5.2
96007,ANDERSON,3203970,8680,333280,22841,5.44
92395,VICTORVILLE,3186350,15228,820131,42400,4.49
95501,EUREKA,3181200,8755,336472,23976,27.4
95758,ELK GROVE,3148350,26197,1571710,60435,5.33
94080,SOUTH SAN FRANCISCO,3144370,31377,1923437,63975,3.56
95670,RANCHO CORDOVA,3124258,23488,1252340,52973,5.05
92708,FOUNTAIN VALLEY,3123260,26057,1748688,56004,4.86
93065,SIMI VALLEY,3120070,32737,2328459,72508,3.76
93274,TULARE,3112470,24207,1019884,69721,3.34
94533,FAIRFIELD,3062240,29433,1351775,69277,3.26
94114,SAN FRANCISCO,3035400,20931,2652889,31124,11.78
95204,STOCKTON,3032960,11652,537801,27786,17.52
95356,MODESTO,2971020,13082,1011182,30918,2.75
96003,REDDING,2957830,17387,804941,44461,21.0
95621,CITRUS HEIGHTS,2862250,18785,805107,39819,11.53
90806,LONG BEACH,2829690,17456,604359,42399,2.51
92335,FONTANA,2827200,35859,1051696,95397,1.25
94590,VALLEJO,2809270,15727,624255,35420,5.56
96130,SUSANVILLE,2798790,5858,295806,23150,26.23
95928,CHICO,2793620,13135,740983,36511,8.59
92103,SAN DIEGO,2756910,18951,1441733,31066,2.04
95380,TURLOCK,2712560,15161,569379,41201,3.43
92648,HUNTINGTON BEACH,2676007,22684,2292516,45317,5.65
95205,STOCKTON,2670320,14235,368709,38069,12.41
92284,YUCCA VALLEY,2653150,8766,356435,25095,4.23
95816,SACRAMENTO,2637370,10214,570357,15579,9.65
92543,HEMET,2607790,11163,334384,33555,11.23
94558,NAPA,2607600,30763,2144066,66830,3.35
93612,CLOVIS,2601030,13720,500368,35351,9.46
95207,STOCKTON,2593680,19130,785963,47965,6.77
93536,LANCASTER,2588080,26042,1538812,70918,3.72
93536,LANCASTER,2588080,26042,1538812,70918,3.72
94611,OAKLAND,2563650,19662,2798444,36565,3.96
94553,MARTINEZ,2539910,22866,1572723,47065,5.92
91355,SANTA CLARITA,2521140,14888,1219953,32605,3.11
93727,FRESNO,2507640,25512,1014608,71820,14.23
91016,MONROVIA,2485300,18274,1103314,40598,4.84
92705,SANTA ANA,2470307,20073,1978433,44706,4.69
95687,VACAVILLE,2467020,26170,1503322,65096,3.45
93611,CLOVIS,2465840,18803,1194195,45614,4.59
93030,OXNARD,2456982,26765,1117966,59372,6.5
93710,FRESNO,2448640,11496,467798,30202,26.18
92392,VICTORVILLE,2435740,20081,828178,54858,4.24
95531,CRESCENT CITY,2429440,7649,330225,24528,6.46
95340,MERCED,2422990,13775,676036,33931,15.52
93306,BAKERSFIELD,2381150,24605,1156945,64587,7.39
94115,SAN FRANCISCO,2369640,18078,3022054,33021,3.7
93551,PALMDALE,2363590,21334,1379214,50798,3.55
91706,BALDWIN PARK,2335640,31128,1011768,76571,1.37
95993,YUBA CITY,2319820,14417,768220,36067,5.8
94565,PITTSBURG,2297190,36595,1591081,84641,2.07
92071,SANTEE,2284140,24116,1372288,53422,10.35
95401,SANTA ROSA,2278580,15641,788844,36981,7.04
91942,LA MESA,2277298,18295,904339,38069,5.29
92530,LAKE ELSINORE,2274180,18051,721228,50216,1.92
92530,LAKE ELSINORE,2274180,18051,721228,50216,1.92
92201,INDIO,2273590,22431,805827,61827,1.37
92562,MURRIETA,2236650,24669,1691220,62079,1.34
95376,TRACY,2225350,20888,1036074,49859,11.53
90027,LOS ANGELES,2205580,23657,1402853,45151,1.2
95688,VACAVILLE,2191521,15278,1048068,34379,8.84
94546,CASTRO VALLEY,2189455,20695,1337503,42209,2.13
92111,SAN DIEGO,2176910,21021,1010719,45096,4.66
95336,MANTECA,2162500,18163,889691,42675,11.07
91710,CHINO,2146540,30916,1506983,80358,3.46
91710,CHINO,2146540,30916,1506983,80358,3.46
92020,EL CAJON,2131810,23107,1117501,57767,6.73
92373,REDLANDS,2115730,15108,1216806,33423,2.37
92083,VISTA,2114440,15191,535405,36975,4.77
93446,PASO ROBLES,2112230,17875,1056421,43714,2.63
93555,RIDGECREST,2108740,13093,750708,32560,2.15
93940,MONTEREY,2101120,13729,1086442,31615,3.68
92120,SAN DIEGO,2088390,13577,956061,26317,12.56
92024,ENCINITAS,2072940,23923,2477506,49121,11.45
92835,FULLERTON,2072200,11158,1039978,24010,3.11
95608,CARMICHAEL,2054784,26697,1743602,59418,13.86
93711,FRESNO,2053290,17323,1581040,36731,16.07
91403,SHERMAN OAKS,2042340,13298,1701461,23484,10.81
95815,SACRAMENTO,2041560,8984,266619,24680,18.15
95678,ROSEVILLE,2030360,18980,1032363,41192,4.37
95301,ATWATER,2009370,14064,601302,37073,2.65
94928,ROHNERT PARK,2004470,18033,890177,43170,6.81
92123,SAN DIEGO,1992920,13242,791299,26823,3.46
92399,YUCAIPA,1991570,21142,1202337,52606,6.29
91730,RANCHO CUCAMONGA,1983946,28320,1399888,66925,1.52
95628,FAIR OAKS,1982400,19752,1396537,40196,1.28
94509,ANTIOCH,1979350,26252,1180269,62439,5.97
90630,CYPRESS,1966300,22555,1485267,47993,1.54
90630,CYPRESS,1966300,22555,1485267,47993,1.54
92626,COSTA MESA,1957670,23182,1477381,49341,3.33
95648,LINCOLN,1952170,21233,1388233,47354,2.78
93722,FRESNO,1941210,29712,1279320,76448,6.98
93637,MADERA,1920440,14042,587596,37743,12.58
95405,SANTA ROSA,1918660,10744,707301,21399,25.23
95822,SACRAMENTO,1903260,18844,827034,42347,3.32
92647,HUNTINGTON BEACH,1897760,26278,1536288,57245,1.55
95403,SANTA ROSA,1891690,19376,1182120,45164,14.17
92691,MISSION VIEJO,1884980,22200,1555283,47582,13.72
92544,HEMET,1879460,16306,720055,44734,1.86
92376,RIALTO,1872710,30836,978361,81516,1.35
92507,RIVERSIDE,1867110,18822,714600,58002,4.68
92243,EL CENTRO,1854570,17960,723845,48030,1.96
93906,SALINAS,1853280,23928,993220,59461,3.83
95820,SACRAMENTO,1851920,14730,501641,34480,3.5
94954,PETALUMA,1849680,17088,1087008,37365,10.03
92069,SAN MARCOS,1849590,18668,943767,46369,12.74
90731,SAN PEDRO,1844670,24462,1146532,59662,1.85
92591,TEMECULA,1835130,15881,943869,38272,2.49
96150,SOUTH LAKE TAHOE,1835100,6401,280302,29792,4.23
95540,FORTUNA,1833390,5422,251496,13657,31.5
95242,LODI,1832360,11033,689485,25393,16.17
92683,WESTMINSTER,1831470,39298,1715190,89747,3.94
92504,RIVERSIDE,1807280,21181,926496,53778,1.95
93422,ATASCADERO,1794480,12826,735950,31375,12.58
95476,SONOMA,1789730,14915,1125609,35394,3.83
92804,ANAHEIM,1784180,34429,1306972,85914,10.66
90045,LOS ANGELES,1782398,17956,1502726,39480,3.0
94513,BRENTWOOD,1782180,22776,1642582,54605,1.96
95382,TURLOCK,1776360,14019,778758,36176,3.47
94903,SAN RAFAEL,1771990,14072,1295448,29040,9.73
93312,BAKERSFIELD,1771460,22060,1590473,56741,4.23
91360,THOUSAND OAKS,1753465,19571,1445520,42402,8.97
95062,SANTA CRUZ,1747670,16576,949481,36079,11.5
92128,RANCHO BERNARDO,1741990,22331,1836521,47490,2.35
93010,CAMARILLO,1733534,19811,1491327,42901,12.99
90250,HAWTHORNE,1730270,40881,1557785,93193,2.26
96097,YREKA,1719735,4110,184734,10031,10.42
92840,GARDEN GROVE,1706270,22697,887660,54083,7.91
92660,NEWPORT BEACH,1704165,16731,3635327,34797,9.45
92677,LAGUNA NIGUEL,1692090,29636,3163371,63297,23.31
92374,REDLANDS,1691340,16548,887113,40267,2.59
91304,CANOGA PARK,1676900,21334,1130725,50231,3.58
91304,CANOGA PARK,1676900,21334,1130725,50231,3.58
94110,SAN FRANCISCO,1671100,38013,2560914,69333,15.46
93420,ARROYO GRANDE,1670440,12326,857654,28413,12.7
95819,SACRAMENTO,1660230,8811,733949,17141,12.93
90660,PICO RIVERA,1658170,26987,1008155,62928,3.24
94102,SAN FRANCISCO,1653160,13567,682120,31176,48.33
91351,CANYON COUNTRY,1652920,14602,753666,32362,2.96
92583,SAN JACINTO,1630880,10290,355203,30236,9.71
92220,BANNING,1630260,12472,559818,31638,3.33
94109,SAN FRANCISCO,1620330,30980,2676631,55984,11.48
90048,LOS ANGELES,1615450,12996,1196303,21397,4.93
92545,HEMET,1600250,15015,614230,39457,5.46
94609,OAKLAND,1596300,10995,524803,20596,3.95
92407,SAN BERNARDINO,1594330,20727,833646,56689,5.86
92056,OCEANSIDE,1592615,24542,1315334,51835,2.92
90631,LA HABRA,1588710,29318,1651171,67619,4.04
90631,LA HABRA,1588710,29318,1651171,67619,4.04
94520,CONCORD,1587870,16236,632773,37208,3.09
90720,LOS ALAMITOS,1586650,10480,952636,21751,6.27
92346,HIGHLAND,1586300,22473,1277254,54923,1.89
95843,ANTELOPE,1571730,18593,902034,45048,2.32
92646,HUNTINGTON BEACH,1570160,27267,2050509,55224,8.61
93291,VISALIA,1552640,18160,1004740,52849,4.75
94501,ALAMEDA,1552100,29908,1984932,60212,1.49
93635,LOS BANOS,1548070,15177,617043,38776,3.0
93635,LOS BANOS,1548070,15177,617043,38776,3.0
95610,CITRUSHEIGHTS,1514790,19585,1346729,44147,9.36
95008,CAMPBELL,1497680,21859,1874396,45260,3.56
95337,MANTECA,1487810,12827,693533,31557,5.81
95503,EUREKA,1480190,9417,462183,24152,4.65
95660,NORTH HIGHLANDS,1477480,12474,391672,30714,12.24
92503,RIVERSIDE,1463210,33346,1463196,84519,1.13
95833,SACRAMENTO,1448800,16416,723741,37293,1.96
95747,ROSEVILLE,1439220,23293,1766882,51870,2.13
92704,SANTA ANA,1434890,37299,1251203,88123,1.25
94578,SAN LEANDRO,1429240,17317,737756,38558,2.13
95677,ROCKLIN,1425520,11226,713852,23333,2.82
90277,REDONDO BEACH,1425350,19341,1920926,35293,4.42
90815,LONG BEACH,1416660,18519,1354043,39733,3.25
92054,OCEANSIDE,1412990,17664,792961,40375,16.37
92234,CATHEDRAL CITY,1411040,20034,739817,51151,8.09
92110,SAN DIEGO,1409200,12044,693664,25341,14.85
93444,NIPOMO,1404120,8652,531241,19244,10.32
92101,SAN DIEGO,1403480,18177,1396608,37095,29.84
92592,TEMECULA,1401830,28158,2072660,72492,1.65
92037,LA JOLLA,1397390,18408,3353974,46781,2.73
92586,SUN CITY,1397380,9164,352954,19815,12.41
95020,GILROY,1397120,23288,1551097,57349,1.64
92027,ESCONDIDO,1396800,22364,1041233,53881,1.77
95060,SANTA CRUZ,1393750,18743,1460873,46377,13.93
90713,LAKEWOOD,1392400,13182,831144,27925,3.72
93662,SELMA,1389960,12198,418066,30237,8.25
93535,LANCASTER,1387400,25830,905067,72046,2.93
90650,NORWALK,1386790,43208,1673809,105549,1.12
92154,SAN DIEGO,1386300,36256,1445658,79708,0.96
92126,SAN DIEGO,1386300,33074,1832812,73343,2.81
94589,VALLEJO,1382080,12994,549817,29876,2.29
90620,BUENA PARK,1374560,20432,1019363,45113,2.23
95817,SACRAMENTO,1369900,5508,209275,13534,7.09
92882,CORONA,1364960,27227,1457575,67917,3.07
91324,NORTHRIDGE,1356230,12126,727352,27669,4.27
90732,SAN PEDRO,1352450,9973,749749,21115,10.01
90503,TORRANCE,1346520,20351,1490176,44383,5.53
92870,PLACENTIA,1338930,23213,1412972,52033,3.94
90033,LOS ANGELES,1334520,16153,424024,48852,4.64
95811,SACRAMENTO,1333430,3384,160478,7595,9.81
93561,TEHACHAPI,1326460,10777,628367,34630,5.66
95437,FORT BRAGG,1325200,6158,243148,14799,19.94
92584,MENIFEE,1323630,15721,857701,43400,2.28
92801,ANAHEIM,1312080,27124,950138,62068,13.1
95124,SAN JOSE,1298800,21426,2055902,47082,5.26
94564,PINOLE,1294510,9268,545409,18287,7.17
95010,CAPITOLA,1289740,5193,304223,9137,13.4
92505,RIVERSIDE,1284860,18297,720184,47672,1.67
93304,BAKERSFIELD,1281660,17129,505227,48731,2.15
91405,VAN NUYS,1278974,20668,669765,51145,1.89
92780,TUSTIN,1270670,24874,1216828,57741,13.06
94066,SAN BRUNO,1257700,21154,1349332,41130,2.18
94523,PLEASANT HILL,1242450,16588,1259116,33569,3.66
95023,HOLLISTER,1237390,19456,1105255,48841,6.13
92211,PALM DESERT,1237070,11038,730219,24294,12.17
93033,OXNARD,1236390,41780,1278755,82728,4.16
93703,FRESNO,1234220,10737,281409,31868,11.56
91911,CHULA VISTA,1232320,36723,1416028,82999,4.86
92065,RAMONA,1225050,15648,1020068,35414,3.45
92253,LA QUINTA,1222400,14549,1113640,37262,4.45
92117,SAN DIEGO,1222100,25633,1416716,51332,9.66
90036,LOS ANGELES,1221270,19013,1669785,36865,1.25
95128,SAN JOSE,1220660,15786,1074216,34836,3.55
93063,SIMI VALLEY,1217460,25084,1662047,54366,14.36
93063,SIMI VALLEY,1217460,25084,1662047,54366,14.36
94118,SAN FRANCISCO,1212500,20031,2754871,38319,2.98
93955,SAND CITY,1209400,13789,567410,33359,2.24
92630,LAKE FOREST,1206300,28289,1842183,59182,7.48
92806,ANAHEIM,1204780,16780,786962,37173,5.68
90035,LOS ANGELES,1191840,13829,1098760,28418,2.17
91950,NATIONAL CITY,1191680,23331,741939,60322,3.93
92026,ESCONDIDO,1185250,21309,1170914,48922,17.62
93401,SAN LUIS OBISPO,1177100,12474,819923,28033,4.18
94801,POINT RICHMOND,1176860,11016,631787,29395,11.02
92104,SAN DIEGO,1175400,23543,1041585,44414,8.52
92028,FALLBROOK,1168460,19500,1180168,46239,5.27
92040,LAKESIDE,1165730,18434,998413,41281,16.29
92115,SAN DIEGO,1163630,23719,1035793,58560,13.56
91761,ONTARIO,1160485,24253,1037310,56913,1.47
93292,VISALIA,1158610,14526,688176,39032,2.26
92649,HUNTINGTON BEACH,1153800,16779,1615282,32463,3.09
92225,BLYTHE,1144500,5356,216343,24310,3.71
91401,VAN NUYS,1138010,17651,865065,39285,2.59
94510,BENICIA,1137708,13397,1059091,27088,4.29
90640,MONTEBELLO,1136320,26970,1079631,62549,1.94
93060,SANTA PAULA,1131720,14251,593163,32811,2.87
95490,WILLITS,1130730,5275,211596,13264,16.41
92868,ORANGE,1129396,10226,457330,25404,4.15
94941,MILL VALLEY,1125530,14443,2835738,30496,10.11
92627,COSTA MESA,1122110,28284,1376679,61510,12.06
91342,SYLMAR,1121740,37681,1569934,91725,1.06
94945,NOVATO,1117190,8290,733525,17167,12.52
92064,POWAY,1116325,21371,2050869,47904,4.49
95519,MCKINLEYVILLE,1114210,7213,347295,17432,16.4
95765,ROCKLIN,1112670,13892,1099195,33974,3.6
95521,ARCATA,1112090,7032,273719,20199,13.76
91702,AZUSA,1110560,23595,902671,59705,1.07
94544,HAYWARD,1109800,31755,1393762,73026,1.65
95035,MILPITAS,1107720,29612,2173252,66943,5.39
92563,MURRIETA,1104820,22152,1261137,53892,4.06
92008,CARLSBAD,1101170,13511,995461,27649,3.03
94103,SAN FRANCISCO,1093800,12854,896641,27170,43.36
90501,TORRANCE,1093658,18961,1009763,43180,2.03
94619,OAKLAND,1091800,11947,823688,23299,3.46
91367,WOODLAND HILLS,1091800,19424,1693245,39499,5.85
91344,GRANADA HILLS,1090760,23529,1551473,51747,4.52
95965,OROVILLE,1089350,6748,239460,20384,6.61
92308,APPLE VALLEY,1082000,14484,645199,39837,4.49
93705,FRESNO,1080000,13160,397338,36703,13.61
95949,GRASS VALLEY,1078400,8414,492245,19741,9.06
91701,ALTA LOMA,1076590,18253,1139206,38976,3.4
93215,DELANO,1075290,17486,524038,55659,1.98
93215,DELANO,1075290,17486,524038,55659,1.98
92604,IRVINE,1074900,12279,924315,26853,5.01
91941,LA MESA,1073040,14841,1010425,31779,2.05
90804,LONG BEACH,1068570,17122,614354,40311,4.57
92509,RIVERSIDE,1067520,28370,1060770,75196,1.72
94901,SAN RAFAEL,1067220,18264,1763846,41157,9.84
94566,PLEASANTON,1055140,19255,2728331,40884,1.68
91350,SAUGUS,1049600,14655,1054878,33348,4.64
92869,ORANGE,1043200,17418,1349756,37184,2.48
95472,SEBASTOPOL,1040180,12532,833207,28255,10.83
94559,NAPA,1038050,12532,690156,27184,3.28
93618,DINUBA,1036180,10923,334170,28262,3.92
95123,SAN JOSE,1034300,28602,1985991,62228,1.38
92653,LAGUNA HILLS,1033869,14302,1407794,29291,3.7
91320,NEWBURY PARK,1029410,20235,1826884,44274,8.34
92692,MISSION VIEJO,1020000,22109,1968497,47222,14.74
95831,SACRAMENTO,1016160,20670,1374554,41321,1.77
92673,SAN CLEMENTE,1011475,12277,1508265,29309,30.5
90025,LOS ANGELES,1002520,25568,3146444,42147,2.84
92821,BREA,988320,16964,1119334,35533,2.03
91740,GLENDORA,985330,11594,643317,25356,4.18
95252,VALLEY SPRINGS,980600,5237,291694,13460,24.0
92240,DESERT HOT SPRINGS,978430,13566,389233,34722,8.37
93023,OJAI,977130,8881,632536,20589,7.57
92833,FULLERTON,974150,21331,1204267,51767,5.96
91977,SPRING VALLEY,973860,25088,1102758,58368,5.11
93245,LEMOORE,968770,13838,670904,37412,3.4
95367,RIVERBANK,960800,9487,422164,23173,5.15
92555,MORENO VALLEY,959600,14680,740832,39076,4.56
93036,OXNARD,957275,17287,795140,41691,7.77
94541,HAYWARD,953300,26677,1176625,61635,3.53
90805,LONG BEACH,948660,37711,1229720,93524,1.25
94070,SAN CARLOS,948570,14805,2036226,29166,2.95
95662,ORANGEVALE,945200,14711,840395,31558,3.56
92223,BEAUMONT,935100,17752,964012,43605,4.97
95118,SAN JOSE,933900,14472,1117110,31932,3.13
95842,SACRAMENTO,925700,12971,460744,31806,6.68
94601,OAKLAND,924750,19463,626801,50294,1.37
92009,CARLSBAD,921530,18560,2095139,40747,3.77
92131,SAN DIEGO,919080,15349,1791686,32787,2.79
92886,YORBA LINDA,917910,21227,2171256,46564,6.18
95003,APTOS,917830,10746,975522,23974,1.86
91754,MONTEREY PARK,914400,16498,815335,32742,7.8
93305,BAKERSFIELD,911770,11966,353809,37601,2.13
94804,RICHMOND,905600,16913,727331,38559,4.85
91945,LEMON GROVE,898310,11139,464306,25460,6.49
95762,EL DORADO HILLS,886900,16691,2147421,38797,9.85
92557,MORENO VALLEY,886470,20219,887319,50320,3.88
92675,SAN JUAN CAPISTRANO,885230,15397,1503181,34731,21.74
92675,SAN JUAN CAPISTRANO,885230,15397,1503181,34731,21.74
95363,PATTERSON,878300,10690,462756,25237,4.1
96067,MOUNT SHASTA,870120,3462,164907,7165,19.67
92078,SAN MARCOS,856810,17841,1258056,42906,10.07
93933,MARINA,854760,9691,444400,22406,9.62
95126,SAN JOSE,851630,15399,1165086,31049,7.61
93657,SANGER,849650,13441,570005,34999,5.66
95037,MORGAN HILL,842340,19426,1778785,45579,1.72
91331,ARLETA,840895,39358,1193295,103689,2.92
92058,OCEANSIDE,840120,15259,590724,42436,3.87
92019,EL CAJON,839430,18847,1231675,42598,1.6
91711,CLAREMONT,838050,15344,1340001,35705,2.69
95841,SACRAMENTO,833400,8603,334521,19448,3.69
95492,WINDSOR,831900,12793,809849,28532,7.2
92865,ORANGE,826200,9107,526603,19704,9.89
90028,HOLLYWOOD,822800,14186,503327,28714,1.53
90603,WHITTIER,821900,9021,621403,20063,3.69
93550,PALMDALE,818900,26898,887252,74929,4.72
94561,OAKLEY,818030,15251,873820,36515,4.85
94561,OAKLEY,818030,15251,873820,36515,4.85
91723,COVINA,811800,8038,366269,18275,5.11
95377,TRACY,797280,11509,793158,30902,6.01
95377,TRACY,797280,11509,793158,30902,6.01
94112,SAN FRANCISCO,793400,38177,1764678,79407,4.48
90813,LONG BEACH,790830,20291,503482,58911,2.02
95616,DAVIS,783800,15039,1131407,47032,4.06
95616,DAVIS,783800,15039,1131407,47032,4.06
93405,SAN LUIS OBISPO,781860,7219,489509,35440,3.44
96019,SHASTA LAKE,781320,3678,135862,10082,10.96
93212,CORCORAN,776260,4845,170667,26079,3.58
94612,OAKLAND,771170,7070,346455,14389,6.94
94952,PETALUMA,767500,14754,1064684,32858,10.63
92109,PACIFIC BEACH,767020,25099,1471882,45787,2.18
94117,SAN FRANCISCO,765150,22353,2140947,39169,7.32
90016,LOS ANGELES,763160,21306,720302,47596,3.72
92057,OCEANSIDE,760120,24173,1256692,54096,3.9
94025,MENLO PARK,757180,18723,4098652,40526,3.66
92119,SAN DIEGO,755240,11406,722452,23057,11.29
91762,ONTARIO,752350,24018,872806,55857,1.5
95050,SANTA CLARA,746200,16600,1154727,35923,5.66
93240,LAKE ISABELLA,743620,2176,84789,6056,8.22
93610,CHOWCHILLA,742670,6274,259222,23833,8.8
92371,PHELAN,740440,3407,143338,16763,4.22
92084,VISTA,739540,19627,940099,47654,8.02
92108,SAN DIEGO,735310,11103,624763,18858,7.53
96101,ALTURAS,734990,2129,88725,5490,14.45
95341,MERCED,734300,11674,308815,32967,4.17
91411,VAN NUYS,731590,10202,456002,24628,3.91
91722,COVINA,727120,15940,707828,34409,2.49
92845,GARDEN GROVE,723130,7836,516976,16333,9.22
90717,LOMITA,718270,9978,520028,21318,13.46
91750,LA VERNE,718130,15703,1103741,33249,5.78
95404,SANTA ROSA,715750,17461,1290175,39761,13.41
95988,WILLOWS,710780,3525,165068,8857,17.18
94960,SAN ANSELMO,704900,6953,883474,15740,14.24
92629,DANA POINT,704160,13747,1378201,25756,27.42
92637,LAGUNA WOODS,703230,9581,446466,16012,5.02
90266,MANHATTAN BEACH,698180,17001,3931021,35135,5.36
91361,THOUSAND OAKS,696300,10036,1517036,20438,15.91
91361,THOUSAND OAKS,696300,10036,1517036,20438,15.91
91901,ALPINE,691330,6754,526905,17403,7.02
95122,SAN JOSE,686960,23047,782607,56545,4.31
92656,ALISO VIEJO,684710,22780,1907880,49046,4.51
94010,BURLINGAME,683800,19813,4650267,40737,1.92
93041,PORT HUENEME,679310,9280,380127,23641,15.08
90278,REDONDO BEACH,677180,19602,1658246,40071,10.6
91301,AGOURA HILLS,676220,12207,1289363,25488,5.9
91301,AGOURA HILLS,676220,12207,1289363,25488,5.9
94519,CONCORD,672600,8684,481257,18453,12.22
92570,PERRIS,671350,17759,601935,53697,4.33
90230,CULVER CITY,670530,15400,1042021,31766,3.71
94122,SAN FRANCISCO,666030,29766,1971891,56023,2.85
92105,SAN DIEGO,663500,26270,750311,69813,4.57
94551,LIVERMORE,659590,18120,1270037,36867,2.11
94526,DANVILLE,659370,15238,2111857,31102,6.85
90022,LOS ANGELES,652420,25825,727428,67179,3.4
91387,SANTA CLARITA,649500,17410,1213595,40328,2.38
95407,SANTA ROSA,647900,15578,597637,39352,12.89
91606,NORTH HOLLYWOOD,640522,19104,652571,44958,3.9
95249,SAN ANDREAS,635100,1627,85145,4042,18.78
95618,DAVIS,634490,9896,897163,27281,11.03
95618,DAVIS,634490,9896,897163,27281,11.03
92881,CORONA,632025,11741,842132,30991,4.64
95620,DIXON,627100,8997,494477,20553,10.56
95620,DIXON,627100,8997,494477,20553,10.56
95971,QUINCY,627080,2693,130542,5970,12.18
92688,RANCHO SANTA MARGARITA,616730,19594,1566798,43792,9.19
92706,SANTA ANA,616640,15060,665605,36457,3.02
95125,SAN JOSE,612330,24075,2527471,51939,1.62
91744,LA PUENTE,605700,34105,1124988,85040,1.2
92129,SAN DIEGO,604590,22802,1910732,51536,5.21
92802,ANAHEIM,604470,16834,642825,42709,2.61
93210,COALINGA,602630,4913,212693,19504,7.65
90680,STANTON,600600,12567,465342,29945,3.37
91362,THOUSAND OAKS,595980,17414,2232012,36045,1.78
91362,THOUSAND OAKS,595980,17414,2232012,36045,1.78
94301,PALO ALTO,595130,8351,3061058,16995,4.36
93111,GOLETA,591190,8697,740734,17370,6.14
93012,CAMARILLO,585780,15554,1397791,34617,9.26
95202,STOCKTON,569680,1967,41889,6521,53.66
94306,PALO ALTO,568600,12799,2172698,26469,3.11
90803,LONG BEACH,562990,17715,1722520,32031,7.62
90023,LOS ANGELES,561200,17645,455639,45903,5.66
92651,LAGUNA BEACH,559880,12004,2964214,23881,15.71
90220,COMPTON,559820,20696,662331,49328,2.49
93004,VENTURA,557700,12874,793535,29149,9.65
91042,TUJUNGA,546830,11961,595366,27585,3.59
94534,FAIRFIELD,544000,16404,1354027,36416,8.94
95838,SACRAMENTO,542530,13639,406835,36764,8.07
92672,SAN CLEMENTE,536315,17416,1299066,34464,14.19
92672,SAN CLEMENTE,536315,17416,1299066,34464,14.19
95018,FELTON,535920,3639,229589,7778,7.68
95665,PINE GROVE,534300,2075,110054,4426,60.76
94124,SAN FRANCISCO,532300,15337,566258,33996,21.08
92011,CARLSBAD,525860,10232,1084381,22405,6.3
91768,POMONA,524510,12399,435751,34537,2.98
91303,CANOGA PARK,523160,11421,414343,26855,3.53
94803,EL SOBRANTE,521580,11599,682031,24904,9.6
90601,WHITTIER,519130,13975,779689,31974,6.27
92782,TUSTIN,518660,10772,1220976,23032,3.88
95206,STOCKTON,518540,26509,836342,65004,6.61
91763,MONTCLAIR,516200,15225,536023,36375,2.99
94602,OAKLAND,513400,13675,970957,28329,3.62
95425,CLOVERDALE,511800,4801,253869,10841,23.3
90017,LOS ANGELES,504160,7881,365458,23768,2.93
95127,SAN JOSE,503350,27931,1333890,61325,1.49
92081,VISTA,502400,12644,731257,27404,7.37
92832,FULLERTON,501530,10075,436483,24752,12.07
91104,PASADENA,498580,16206,963944,36751,2.82
95542,GARBERVILLE,488300,918,33705,2533,43.19
92701,SANTA ANA,487530,19430,544657,53908,10.38
90245,EL SEGUNDO,483850,9463,884649,16654,4.52
94123,SAN FRANCISCO,482770,14648,2899430,23088,18.0
94904,GREENBRAE,480400,5951,1210988,11995,7.14
95320,ESCALON,475050,5345,297572,12819,15.69
94014,COLMA,473100,21665,1035709,47014,3.36
90744,WILMINGTON,469440,20737,666795,53815,4.89
94030,MILLBRAE,467200,10849,907015,21536,3.02
91311,CHATSWORTH,465460,17422,1344084,36557,1.72
91311,CHATSWORTH,465460,17422,1344084,36557,1.72
94947,NOVATO,464260,11282,882140,24283,6.17
95829,SACRAMENTO,463130,10786,626267,24755,4.88
92805,ANAHEIM,455515,27820,1044765,70401,7.68
92301,ADELANTO,453800,10629,314133,32725,3.79
93728,FRESNO,453300,5925,177557,15743,17.6
95203,STOCKTON,448600,6039,193197,15696,6.35
92124,SAN DIEGO,448190,12763,884542,30443,4.05
92610,FOOTHILL RANCH,445115,4702,456435,11248,10.77
91010,DUARTE,441400,11484,548276,26074,4.55
91103,PASADENA,436100,11617,761206,27480,7.53
90059,LOS ANGELES,435100,15329,382055,40952,6.39
94597,WALNUT CREEK,433460,11196,910388,20277,6.01
92252,JOSHUA TREE,420400,3490,126991,9647,6.2
91932,IMPERIAL BEACH,415700,11440,430955,25718,6.62
91766,POMONA,413670,26635,936109,71599,1.36
91766,POMONA,413670,26635,936109,71599,1.36
92127,SAN DIEGO,413590,15891,1887938,39337,6.54
96020,CHESTER,413400,1290,58181,2416,65.33
94605,OAKLAND,412800,19078,965584,39016,2.2
95116,SAN JOSE,408820,19825,698682,51496,4.4
92113,SAN DIEGO,405820,18240,471171,56066,2.5
92130,SAN DIEGO,403650,20425,3295764,48940,4.41
93638,MADERA,403300,20023,541020,49068,2.57
94585,SUISUN CITY,399530,12324,634570,28263,4.41
93930,KING CITY,396470,7340,258650,15866,12.26
92844,GARDEN GROVE,392640,9739,335052,24307,10.83
95953,LIVE OAK,389800,3888,149768,10718,20.41
90670,SANTA FE SPRINGS,388430,6983,367087,14866,7.9
91352,SUN VALLEY,382600,19422,730804,47807,3.54
91791,WEST COVINA,382300,14323,876342,32414,2.97
91732,EL MONTE,380900,23846,730227,61386,4.96
92122,SAN DIEGO,379700,18717,1423055,43728,8.13
90044,LOS ANGELES,378960,34234,870076,89779,1.11
94062,REDWOOD CITY,377300,12581,3328418,25876,2.96
92551,MORENO VALLEY,375300,11758,427671,30815,7.1
95121,SAN JOSE,372940,16582,911678,37469,6.69
90038,HOLLYWOOD,372890,12677,410077,28917,2.38
94116,SAN FRANCISCO,370100,22089,1659772,43698,1.83
91737,RANCHO CUCAMONGA,369970,10776,861806,24740,5.59
92887,YORBA LINDA,369380,9481,1038422,20006,9.3
93110,SANTA BARBARA,367740,7343,745360,16829,4.07
90019,LOS ANGELES,365930,27788,1154185,64458,1.54
92118,CORONADO,365760,7846,815246,23575,5.07
93702,FRESNO,365100,15060,339680,48607,2.72
92102,SAN DIEGO,364300,18186,589553,43267,7.78
90042,LOS ANGELES,362160,25942,1014290,62430,1.23
93001,VENTURA,359600,15103,831190,32990,19.91
96022,COTTONWOOD,358500,6159,289843,15768,4.82
95112,SAN JOSE,358450,21694,1058312,55927,2.82
95947,GREENVILLE,347200,696,28880,1899,114.63
92394,VICTORVILLE,347060,10733,397866,33237,3.6
94134,SAN FRANCISCO,344200,19225,828753,40798,9.85
92320,CALIMESA,343720,3384,159817,7788,24.04
91306,WINNETKA,343630,19697,850291,45061,1.83
92116,SAN DIEGO,343040,18000,913981,31680,11.29
94949,NOVATO,340400,8183,701880,17202,3.93
94132,SAN FRANCISCO,339600,12046,762668,28129,5.03
94002,BELMONT,335900,13009,1439188,25992,3.37
90037,LOS ANGELES,332370,22940,537099,62276,1.73
92107,SAN DIEGO,328570,14874,957401,28651,9.33
94560,NEWARK,323820,19669,1176363,42573,6.09
93458,SANTA MARIA,318400,23084,632447,55431,3.38
95458,LUCERNE,318400,928,32135,3104,43.47
94121,SAN FRANCISCO,315620,21426,1827503,41203,3.7
92841,GARDEN GROVE,309196,13731,559364,32845,5.9
95006,BOULDER CREEK,309010,4119,327477,8979,25.53
91406,VAN NUYS,293962,22311,956830,51558,1.9
90013,LOS ANGELES,293960,4200,314831,11772,10.28
94702,BERKELEY,290200,8308,467418,15979,4.29
90012,LOS ANGELES,288480,9348,381940,31103,3.46
92808,ANAHEIM HILLS,285600,8863,854007,20039,3.68
92029,ESCONDIDO,285600,8584,705356,19021,5.65
94127,SAN FRANCISCO,285540,9986,1327602,19289,8.27
92883,CORONA,281800,11696,846997,29301,4.54
95315,DELHI,281100,4517,149619,13018,9.48
93307,BAKERSFIELD,279300,27103,765747,82658,1.53
90232,CULVER CITY,277260,8243,1161570,15149,5.64
95111,SAN JOSE,276000,23963,981344,58466,3.95
92707,SANTA ANA,275660,26422,884917,59492,4.12
92663,NEWPORT BEACH,274420,11027,1396328,21649,10.08
94706,ALBANY,271200,8748,637447,19615,13.07
95304,TRACY,265900,4756,382414,15706,10.69
95209,STOCKTON,259620,16127,852449,39488,4.26
92866,ORANGE,256710,7217,345821,14885,6.14
92596,WINCHESTER,256200,8558,501165,23172,4.52
93433,GROVER BEACH,255000,5445,244914,13162,18.29
94133,SAN FRANCISCO,250180,13653,1399497,26237,7.54
92612,IRVINE,249620,10771,989318,27522,3.43
92582,SAN JACINTO,246700,5392,230837,15649,7.16
96122,PORTOLA,244800,1576,69397,3883,36.62
96094,WEED,235200,2593,126794,6630,11.53
94131,SAN FRANCISCO,228300,15633,1735187,26881,5.16
90043,LOS ANGELES,226300,20679,838678,44789,2.55
94043,MOUNTAIN VIEW,224930,14361,1459534,28358,2.21
93704,FRESNO,224020,11655,596901,27156,5.22
95379,TUOLUMNE,218400,1634,80237,3898,28.78
95454,LAYTONVILLE,214600,958,29936,2556,66.48
94703,BERKELEY,214000,9508,526022,19846,3.39
94939,LARKSPUR,211500,3412,727671,6859,8.7
94580,SAN LORENZO,206900,12773,635869,27152,6.17
95136,SAN JOSE,205700,19923,1391009,42989,2.2
92703,SANTA ANA,201390,25149,697070,65445,6.38
92606,IRVINE,200120,8879,735635,21495,3.86
96027,ETNA,198900,854,39962,2227,71.05
93701,FRESNO,196500,3301,63901,12529,20.72
91208,GLENDALE,194140,7551,731680,16245,6.72
95219,STOCKTON,192850,11826,957784,27884,11.12
95451,KELSEYVILLE,192400,4387,200278,11213,12.29
95247,MURPHYS,191500,1964,109418,4368,16.21
95070,SARATOGA,191420,14867,3746136,30617,4.17
95959,NEVADA CITY,190050,8178,504674,17838,3.7
90621,BUENA PARK,188960,14403,619992,35153,11.31
94086,SUNNYVALE,188300,22506,1894454,45697,1.19
90031,LOS ANGELES,186940,15508,470287,39316,2.59
90062,LOS ANGELES,184460,13241,363155,32821,6.38
94107,SAN FRANCISCO,183500,15066,1837933,26599,4.07
90755,SIGNAL HILL,183400,5340,334409,11074,8.49
92679,TRABUCO CANYON,180800,13581,2259407,32611,8.76
92620,IRVINE,176200,17367,1786515,38486,9.04
95460,MENDOCINO,171900,1484,81570,2285,67.4
95322,GUSTINE,171620,3444,136084,8942,11.84
95973,CHICO,164730,13559,726154,31957,5.34
90029,LOS ANGELES,157910,16709,498110,38617,2.0
93460,SANTA YNEZ,153600,2871,313130,5255,32.92
90304,INGLEWOOD,152300,11281,299743,28210,2.7
93223,FARMERSVILLE,151200,3452,90837,10604,8.52
90001,LOS ANGELES,148900,20342,492447,57110,2.23
94111,SAN FRANCISCO,148500,2666,1454125,3713,44.03
90746,CARSON,138900,13042,663499,25990,3.34
95358,MODESTO,135590,11756,450130,31668,2.7
93625,FOWLER,133800,3050,134181,7313,14.03
92082,VALLEY CENTER,133260,8273,538037,19037,3.67
96118,LOYALTON,131200,590,27153,1627,91.08
90063,LOS ANGELES,129860,19880,544174,55758,2.24
94104,SAN FRANCISCO,124100,1364,377027,406,117.67
92861,VILLA PARK,115500,2771,495737,5781,11.18
93204,AVENAL,112300,4075,100383,15529,4.67
95436,FORESTVILLE,112200,2650,144266,5418,22.37
91746,LA PUENTE,103140,12631,439528,30485,3.59
92614,IRVINE,102120,11333,1186431,24748,6.31
92139,SAN DIEGO,93500,15624,665089,35125,6.77
90005,LOS ANGELES,92060,14366,588052,37681,2.64
94065,REDWOOD CITY,90400,5722,1081525,11359,23.24
93250,MC FARLAND,88700,4722,128978,13522,11.19
95827,SACRAMENTO,88530,9375,409961,20269,7.84
94515,CALISTOGA,87800,3311,222932,7050,15.97
92114,SAN DIEGO,78500,28153,1089093,65433,3.23
94618,OAKLAND,68000,8513,1197371,16046,5.44
95110,SAN JOSE,67100,7977,439984,18730,5.61
92410,SAN BERNARDINO,52400,16594,395442,49410,5.19
93465,TEMPLETON,47320,4275,301855,9153,16.38
93730,FRESNO,44742,4229,506519,9941,10.56
90032,LOS ANGELES,29800,18500,640954,45786,2.44
90003,LOS ANGELES,12900,25160,581608,66266,4.07
90021,LOS ANGELES,6600,1336,88268,3951,12.92
93035,OXNARD,4600,12760,823061,27732,3.95
92003,BONSALL,3500,2574,179246,4746,19.28
95065,SANTA CRUZ,3300,3692,285352,8113,12.12
95631,FORESTHILL,2000,2674,156318,6076,8.06
93619,CLOVIS,700,12410,1189857,28965,3.84
95673,RIO LINDA,600,6284,269360,15455,7.49
95327,JAMESTOWN,600,2552,108970,9806,27.54
95709,CAMINO,600,2236,127494,4772,36.43
94130,SAN FRANCISCO,400,913,28955,2880,25.28
92405,SAN BERNARDINO,400,10918,333224,28873,3.48
95693,WILTON,200,3067,245881,6758,8.52
95033,LOS GATOS,200,4012,552488,9372,5.35
93725,FRESNO,180,9020,280513,24979,4.43
95215,STOCKTON,130,8467,316574,23224,35.97
94930,FAIRFAX,100,4029,319932,8500,5.44
94951,PENNGROVE,100,2044,141704,4124,22.48
